// Multi

ACTOR MultiZombieman3 : Zombieman3
{
	Species "Zombieman"
	+THRUSPECIES
}

ACTOR MultiShotGunGuy3 : ShotGunGuy3
{
	Species "ShotGunGuy"
	+THRUSPECIES
}

ACTOR MultiDoomImp3 : DoomImp3
{
	Species "DoomImp"
	+THRUSPECIES
}

ACTOR MultiChaingunGuy3 : ChaingunGuy3
{
	Species "ChaingunGuy"
	+THRUSPECIES
}

ACTOR MultiDoomDemon3 : DoomDemon3
{
	Species "DoomDemon"
	+THRUSPECIES
}

ACTOR MultiSpectre3 : Spectre3
{
	Species "Spectre"
	+THRUSPECIES
}

ACTOR MultiHellKnight3 : HellKnight3
{
	Species "HellKnight"
	+THRUSPECIES
}

ACTOR MultiBaronOfHell3 : BaronOfHell3
{
	Species "BaronOfHell"
	+THRUSPECIES
}

ACTOR MultiArachnotron3 : Arachnotron3
{
	Species "Arachnotron"
	+THRUSPECIES
}

ACTOR MultiFatso3 : Fatso3
{
	Species "Fatso"
	+THRUSPECIES
}

ACTOR MultiLostSoul3 : LostSoul3
{
	Species "LostSoul"
	+THRUSPECIES
}

ACTOR MultiPainElemental3 : PainElemental3
{
	Species "PainElemental"
	+THRUSPECIES
}

ACTOR MultiCacodemon3 : Cacodemon3
{
	Species "Cacodemon"
	+THRUSPECIES
}

ACTOR MultiRevenant3 : Revenant3
{
	Species "Revenant"
	+THRUSPECIES
}

ACTOR MultiArchVile3 : ArchVile3
{
	Species "ArchVile"
	+THRUSPECIES
}

ACTOR MultiCyberdemon3 : Cyberdemon3
{
	Species "CyberDemon"
	+THRUSPECIES
}

ACTOR MultiSpiderMastermind3 : SpiderMasterMind3
{
	Species "SpiderMastermind"
	+THRUSPECIES
}

ACTOR MultiNazi3 : Nazi3
{
	Species "WolfSS"
	+THRUSPECIES
}

//Skulltag dummies

ACTOR Abaddon2 : Abaddon {}
ACTOR MultiAbaddon2 : Abaddon2 {}
ACTOR Belphegor2 : Belphegor {}
ACTOR MultiBelphegor2 : Belphegor2 {}
ACTOR BloodDemon2 : BloodDemon {}
ACTOR MultiBloodDemon2 : BloodDemon2 {}
ACTOR Cacolantern2 : Cacolantern {}
ACTOR MultiCacolantern2 : Cacolantern2 {}
ACTOR DarkImp2 : DarkImp {}
ACTOR MultiDarkImp2 : DarkImp2 {}
ACTOR Hectebus2 : Hectebus {}
ACTOR MultiHectebus2 : Hectebus2 {}
ACTOR SuperShotgunGuy2 : SuperShotgunGuy {}
ACTOR MultiSuperShotgunGuy2 : SuperShotgunGuy2 {}